Pair,NASA Categories,Custom Categories,2009,2010,2011,2012,2013,2014,2015,2016,2017,2018,2019,2020,2021,2022,2023,2024
Actiwatch/HRF-1,Human Research/Multipurpose,Crew health/Crew health,292,250,60,4,0,0,0,0,0,0,0,0,2,0,18,4
Actiwatch/Holter,Human Research/Human Research,Crew health/Crew health,108,58,68,150,18,3,18,21,0,0,0,0,2,0,0,0
Holter/Holter Monitor 2,Human Research/Human Research,Crew health/Crew health,104,60,66,124,4,0,0,0,0,0,0,0,2,0,0,0
Actiwatch/Holter Monitor 2,Human Research/Human Research,Crew health/Crew health,100,58,66,122,4,0,0,0,0,0,0,0,2,0,0,0
CGBA/EXPRESS Rack,Biology and Biotechnology/Multipurpose,Biology/General science,96,28,86,102,0,0,4,0,0,0,0,0,0,0,0,0
MMD/SLAMMD,Multipurpose/Human Research,Crew health/General science,72,56,50,41,18,10,0,0,2,2,4,2,0,0,0,2
MELFI/PCBA,Multipurpose/Human Research,Refrigeration/Crew health,70,30,36,21,0,0,0,0,0,0,0,0,0,0,0,0
MELFI/RC,Multipurpose/Human Research,Refrigeration/Centrifuge,58,92,110,226,10,0,0,24,8,0,0,0,0,0,0,0
EPM/Holter,Human Research/Human Research,Crew health/Crew health,58,46,54,72,0,0,0,2,0,0,0,0,0,0,0,0
MMD/PCBA,Multipurpose/Human Research,Crew health/Crew health,54,22,28,21,0,0,0,0,0,0,0,0,0,0,0,0
PCBA/SLAMMD,Human Research/Human Research,Crew health/General science,54,22,28,21,0,0,0,0,0,0,0,0,0,0,0,0
MELFI/MMD,Multipurpose/Multipurpose,Refrigeration/Crew health,52,22,28,21,0,0,0,0,0,4,0,0,0,0,0,0
MELFI/SLAMMD,Multipurpose/Human Research,Refrigeration/General science,52,22,28,21,0,0,0,0,0,0,0,0,0,0,0,0
Actiwatch/EPM,Human Research/Human Research,Crew health/Crew health,42,40,58,142,0,0,0,0,0,0,0,0,0,0,0,0
EPM/Holter Monitor 2,Human Research/Human Research,Crew health/Crew health,42,40,47,70,0,0,0,0,0,0,0,0,0,0,0,0
GLACIER/MELFI,Multipurpose/Multipurpose,Refrigeration/Refrigeration,36,24,10,5,0,0,2,0,16,10,6,4,0,0,0,0
CBEF/MELFI,Biology and Biotechnology/Multipurpose,Biology/Refrigeration,30,34,11,10,0,26,16,10,6,6,0,0,0,0,0,0
CBEF/Saibo,Biology and Biotechnology/Multipurpose,Biology/Biology,26,6,0,0,2,6,4,10,2,6,20,12,8,14,4,0
PFS/Portable Pulmonary Function System,Human Research/Human Research,Crew health/Crew health,26,70,56,78,4,10,24,20,6,2,2,4,6,2,6,0
EXPRESS Rack/MELFI,Multipurpose/Multipurpose,General science/Refrigeration,20,8,10,2,0,0,4,0,0,0,2,0,0,0,0,0
CBPD/Holter,Human Research/Human Research,Crew health/Crew health,20,0,0,0,0,0,0,0,0,0,0,0,0,0,0,0
Holter/PFS,Human Research/Human Research,Crew health/Crew health,20,12,8,8,0,0,0,0,0,0,0,0,2,0,0,0
KFT/MELFI,Biology and Biotechnology/Multipurpose,Glovebox/Refrigeration,20,20,10,10,0,0,0,0,4,2,0,0,0,0,0,0
MELFI/MERLIN,Multipurpose/Biology and Biotechnology,Refrigeration/Refrigeration,18,18,4,2,0,1,0,2,2,2,4,4,2,0,6,0
GLACIER/MERLIN,Multipurpose/Biology and Biotechnology,Refrigeration/Refrigeration,18,10,5,4,8,0,2,0,2,0,4,2,4,0,0,0
ELC/EXPRESS Rack,Earth and Space Science/Multipurpose,External payloads/General science,18,20,16,16,10,0,0,4,0,0,0,0,0,6,0,2
CBPD/Holter Monitor 2,Human Research/Human Research,Crew health/Crew health,16,0,0,0,0,0,0,0,0,0,0,0,0,0,0,0
EXPRESS Rack/MERLIN,Multipurpose/Biology and Biotechnology,General science/Refrigeration,16,8,30,0,8,0,0,2,2,0,2,0,0,0,2,0
EXPRESS Rack/GLACIER,Multipurpose/Multipurpose,General science/Refrigeration,16,6,11,10,12,0,0,0,0,0,2,0,2,0,0,0
CIR/EXPRESS Rack,Physical Science/Multipurpose,Furnace/General science,16,4,2,2,0,0,0,0,0,0,0,0,0,0,0,0
CIR/MSG,Physical Science/Multipurpose,Furnace/Glovebox,16,4,2,0,0,0,0,0,0,0,0,0,0,0,0,0
EXPRESS Rack/MDS,Multipurpose/Biology and Biotechnology,General science/Biology,14,0,0,0,0,0,0,0,0,0,0,0,0,0,0,0
Actiwatch/CBPD,Human Research/Human Research,Crew health/Crew health,12,0,0,0,0,0,0,0,0,0,0,0,0,0,0,0
FPEF/IPU,Physical Science/Multipurpose,Fluids/Image processing,12,18,23,11,0,0,4,4,0,0,2,0,4,4,2,2
HRF-2/Holter,Multipurpose/Human Research,Crew health/Crew health,12,4,2,4,0,0,0,0,0,0,0,0,0,0,0,0
HRF-2/PFS,Multipurpose/Human Research,Crew health/Crew health,12,4,4,10,0,0,0,0,0,0,0,0,2,0,0,0
EXPRESS Rack/MSG,Multipurpose/Multipurpose,General science/Glovebox,12,8,2,2,0,0,2,0,0,0,0,0,0,0,0,0
MELFI/Saibo,Multipurpose/Multipurpose,Refrigeration/Biology,12,4,5,0,0,3,2,0,0,0,0,0,0,0,0,0
CBEF/KFT,Biology and Biotechnology/Biology and Biotechnology,Biology/Glovebox,10,6,10,5,2,0,0,0,0,0,0,0,0,0,0,0
PFS/RC,Human Research/Human Research,Crew health/Centrifuge,10,4,2,4,0,0,0,0,0,0,0,0,0,0,0,0
CBPD/EPM,Human Research/Human Research,Crew health/Crew health,10,0,0,2,0,0,0,0,0,0,0,2,0,4,0,2
EPM/PFS,Human Research/Human Research,Crew health/Crew health,10,6,4,8,10,0,0,0,0,0,0,0,2,2,2,0
MDS/MELFI,Biology and Biotechnology/Multipurpose,Biology/Refrigeration,10,0,8,5,0,0,0,0,0,0,0,0,0,0,0,0
CGBA/MSG,Biology and Biotechnology/Multipurpose,Biology/Glovebox,10,6,16,0,0,0,6,2,0,0,0,0,0,0,0,0
MDS/PGB,Biology and Biotechnology/Multipurpose,Biology/Glovebox,10,0,0,0,0,0,0,0,0,0,0,0,0,0,0,0
CB/Saibo,Multipurpose/Multipurpose,Glovebox/Biology,10,2,2,0,0,3,2,0,2,0,12,8,6,14,4,0
FPEF/MWA,Physical Science/Multipurpose,Fluids/Maintenance,10,14,10,5,4,0,0,0,0,0,0,0,0,0,0,0
DECLIC/EXPRESS Rack,Physical Science/Multipurpose,Fluids/General science,10,14,8,14,0,0,0,0,0,0,0,0,2,0,0,0
MSL/MSRR-1,Physical Science/Physical Science,Furnace/Materials,8,14,8,0,0,0,0,0,2,0,0,0,6,0,0,0
Holter/RC,Human Research/Human Research,Crew health/Centrifuge,8,4,2,4,0,0,0,0,0,0,0,0,0,0,0,0
Holter/MELFI,Human Research/Multipurpose,Crew health/Refrigeration,8,4,2,8,0,0,0,0,0,0,0,0,0,0,0,0
CB/MELFI,Multipurpose/Multipurpose,Glovebox/Refrigeration,8,0,0,0,0,1,0,0,0,0,0,0,0,0,0,0
CB/CBEF,Multipurpose/Biology and Biotechnology,Glovebox/Biology,8,4,0,0,0,12,0,0,0,0,12,8,6,14,4,0
PCBA/RC,Human Research/Human Research,Crew health/Centrifuge,8,2,0,0,0,0,0,0,0,0,0,0,0,0,0,0
MELFI/PFS,Multipurpose/Human Research,Refrigeration/Crew health,8,6,4,4,0,0,0,0,0,0,0,0,0,0,0,0
EPM/RC,Human Research/Human Research,Crew health/Centrifuge,6,0,0,0,0,0,0,0,0,0,0,0,0,0,0,0
IPU/SCOF,Multipurpose/Biology and Biotechnology,Image processing/Microscope,6,8,0,0,0,0,2,0,0,0,2,0,4,4,2,2
MSG/SAMS-II,Multipurpose/Multipurpose,Glovebox/Physics,6,0,0,0,0,0,0,0,0,0,0,0,0,0,0,0
FIR/LMM,Physical Science/Multipurpose,Fluids/Microscope,6,20,64,8,6,15,6,4,44,20,28,20,24,0,0,0
FSL/MVIS,Physical Science/Multipurpose,Fluids/Vibration isolation,6,4,4,0,0,0,0,0,2,0,0,0,0,0,0,0
FPEF/SCOF,Physical Science/Biology and Biotechnology,Fluids/Microscope,6,10,0,0,0,0,4,0,0,0,2,0,6,4,2,2
Double Coldbag/MELFI,Multipurpose/Multipurpose,Refrigeration/Refrigeration,6,10,0,4,0,0,0,2,4,0,0,2,0,0,2,0
MDS/Saibo,Biology and Biotechnology/Multipurpose,Biology/Biology,6,0,5,0,0,0,0,0,0,0,0,0,0,0,0,0
EPM/MELFI,Human Research/Multipurpose,Crew health/Refrigeration,6,0,2,0,0,0,0,0,0,0,0,0,0,0,0,0
ALTEA/ELC,Human Research/Earth and Space Science,Crew health/External payloads,4,0,0,2,0,0,0,0,0,0,0,0,0,0,0,0
CBEF/IPU,Biology and Biotechnology/Multipurpose,Biology/Image processing,4,2,0,0,0,0,6,8,0,0,4,0,2,2,2,0
EXPRESS Rack/Portable Pulmonary Function System,Multipurpose/Human Research,General science/Crew health,4,0,4,0,0,0,0,0,0,0,0,0,0,0,0,0
CIR/ELC,Physical Science/Earth and Space Science,Furnace/External payloads,4,0,2,2,0,0,0,2,0,0,0,0,0,0,0,0
ABRS/MWA,Biology and Biotechnology/Multipurpose,Plant/Maintenance,4,2,0,0,0,0,4,0,2,0,0,0,0,0,0,0
EPM/HRF-2,Human Research/Multipurpose,Crew health/Crew health,4,4,2,2,0,0,0,0,0,0,0,0,0,0,0,0
DECLIC/MDS,Physical Science/Biology and Biotechnology,Fluids/Biology,4,0,0,0,0,0,0,0,0,0,0,0,0,0,0,0
Double Coldbag/GLACIER,Multipurpose/Multipurpose,Refrigeration/Refrigeration,4,2,0,2,0,0,0,0,2,0,0,0,0,0,0,0
ABRS/EXPRESS Rack,Biology and Biotechnology/Multipurpose,Plant/General science,4,0,0,2,0,1,0,0,0,0,0,0,0,0,0,0
FPEF/Ryutai,Physical Science/Multipurpose,Fluids/General science,4,0,5,0,6,0,6,6,0,0,2,2,6,4,2,2
EPM/ETC,Human Research/Multipurpose,Crew health/Stowage,4,4,0,0,0,0,0,0,0,0,0,0,0,0,0,0
RC/SLAMMD,Human Research/Human Research,Centrifuge/General science,4,2,0,0,0,0,0,0,0,0,0,0,0,0,0,0
FIR/MELFI,Physical Science/Multipurpose,Fluids/Refrigeration,4,4,0,0,0,0,0,0,10,2,4,0,0,0,0,0
EXPRESS Rack/PFS,Multipurpose/Human Research,General science/Crew health,4,0,5,0,0,0,0,0,0,0,0,0,0,0,0,0
MMD/RC,Multipurpose/Human Research,Crew health/Centrifuge,4,2,0,0,0,0,0,0,0,0,0,0,0,0,0,0
CIR/SAMS-II,Physical Science/Multipurpose,Furnace/Physics,4,0,0,0,0,0,0,0,0,0,0,0,0,0,0,0
EXPRESS Rack/WORF,Multipurpose/Earth and Space Science,General science/Earth observation,4,6,5,0,0,0,0,0,0,0,0,0,0,0,0,0
CIR/MELFI,Physical Science/Multipurpose,Furnace/Refrigeration,2,2,0,0,0,0,0,0,0,0,0,0,0,0,0,0
ABRS/MELFI,Biology and Biotechnology/Multipurpose,Plant/Refrigeration,2,6,0,0,0,0,0,0,4,0,0,0,0,0,0,0
ABRS/MMD,Biology and Biotechnology/Multipurpose,Plant/Crew health,2,0,0,0,0,0,0,0,0,0,0,0,0,0,0,0
ABRS/SLAMMD,Biology and Biotechnology/Human Research,Plant/General science,2,0,0,0,0,0,0,0,0,0,0,0,0,0,0,0
ABRS/CGBA,Biology and Biotechnology/Biology and Biotechnology,Plant/Biology,2,0,0,0,0,0,0,0,0,0,0,0,0,0,0,0
ABRS/MSG,Biology and Biotechnology/Multipurpose,Plant/Glovebox,2,0,0,0,0,0,0,0,0,0,0,0,0,0,0,0
IPU/MWA,Multipurpose/Multipurpose,Image processing/Maintenance,2,6,5,2,0,0,0,0,0,0,0,0,0,0,0,0
EXPRESS Rack/MAMS,Multipurpose/Multipurpose,General science/Physics,2,0,0,0,0,0,0,0,0,0,0,0,0,0,0,2
PCRF/Ryutai,Biology and Biotechnology/Multipurpose,Biology/General science,2,0,2,2,0,3,2,2,0,2,0,0,4,4,2,2
PCRF/SCOF,Biology and Biotechnology/Biology and Biotechnology,Biology/Microscope,2,0,0,0,0,0,0,0,0,0,0,0,4,4,2,2
FPEF/PCRF,Physical Science/Biology and Biotechnology,Fluids/Biology,2,0,0,0,0,0,0,0,0,0,0,0,4,4,2,2
IPU/PCRF,Multipurpose/Biology and Biotechnology,Image processing/Biology,2,0,0,0,0,0,0,0,0,0,0,0,4,4,2,2
FSL/MSG,Physical Science/Multipurpose,Fluids/Glovebox,2,0,2,0,0,0,0,0,0,0,0,0,0,0,0,0
EXPRESS Rack/SAMS-II,Multipurpose/Multipurpose,General science/Physics,2,0,0,2,0,0,0,0,0,2,0,0,0,0,0,0
MELFI/MWA,Multipurpose/Multipurpose,Refrigeration/Maintenance,2,8,2,2,0,1,4,0,4,2,0,0,0,0,0,0
MSG/MVIS,Multipurpose/Multipurpose,Glovebox/Vibration isolation,2,0,0,0,0,0,0,0,0,0,0,0,0,0,0,0
MWA/Ryutai,Multipurpose/Multipurpose,Maintenance/General science,2,0,5,0,4,0,0,0,0,0,0,0,0,0,0,0
Ryutai/SCOF,Multipurpose/Biology and Biotechnology,General science/Microscope,2,0,0,0,0,1,8,0,0,0,2,0,8,4,2,2
IPU/Ryutai,Multipurpose/Multipurpose,Image processing/General science,2,0,4,11,0,0,4,0,0,0,2,0,4,4,2,2
EXPRESS Rack/MMD,Multipurpose/Multipurpose,General science/Crew health,2,2,2,0,0,0,0,0,0,0,0,0,0,0,0,0
Double Coldbag/MERLIN,Multipurpose/Biology and Biotechnology,Refrigeration/Refrigeration,2,2,2,0,0,0,0,2,0,0,0,2,0,0,0,0
Double Coldbag/EXPRESS Rack,Multipurpose/Multipurpose,Refrigeration/General science,2,0,0,0,0,0,0,0,0,0,0,0,0,0,0,0
CGBA/MMD,Biology and Biotechnology/Multipurpose,Biology/Crew health,2,2,2,0,0,0,0,0,0,0,0,0,0,0,0,0
Portable Pulmonary Function System/RC,Human Research/Human Research,Crew health/Centrifuge,2,0,0,0,0,0,0,0,0,0,0,0,0,0,0,0
EPM/Portable Pulmonary Function System,Human Research/Human Research,Crew health/Crew health,2,0,2,0,0,0,0,0,0,0,0,0,2,2,2,0
Holter/Portable Pulmonary Function System,Human Research/Human Research,Crew health/Crew health,2,2,2,0,0,0,0,0,0,0,0,0,2,0,0,0
MELFI/Portable Pulmonary Function System,Multipurpose/Human Research,Refrigeration/Crew health,2,2,2,0,0,0,0,0,0,0,0,0,0,0,0,0
Holter/IPU,Human Research/Multipurpose,Crew health/Image processing,2,0,2,0,0,0,0,0,0,0,0,0,0,0,0,0
RC/Ultrasound,Human Research/Human Research,Centrifuge/Crew health,2,0,0,0,0,0,0,0,0,0,0,0,0,0,0,0
EXPRESS Rack/FIR,Multipurpose/Physical Science,General science/Fluids,2,2,0,0,0,0,0,0,0,0,0,0,0,0,0,0
FIR/MSG,Physical Science/Multipurpose,Fluids/Glovebox,2,4,0,0,0,0,0,0,0,0,0,0,0,0,0,0
CIR/FIR,Physical Science/Physical Science,Furnace/Fluids,2,8,5,0,0,0,0,0,2,0,0,0,0,0,0,0
PFS/Ultrasound,Human Research/Human Research,Crew health/Crew health,2,0,0,0,0,0,6,4,0,0,0,0,0,0,0,0
MELFI/MSG,Multipurpose/Multipurpose,Refrigeration/Glovebox,2,12,2,0,0,0,0,0,14,4,0,0,0,2,0,0
Solar/WORF,Earth and Space Science/Earth and Space Science,Astronomy/Earth observation,2,0,0,0,0,0,0,0,0,0,0,0,0,0,0,0
ALTEA/SPHERES,Human Research/Technology Development and Demonstration,Crew health/Robotics,2,0,0,0,0,0,0,0,0,0,0,0,0,0,0,0
ALTEA/EXPRESS Rack,Human Research/Multipurpose,Crew health/General science,2,2,8,11,0,0,0,0,0,0,0,0,2,0,0,0
ELC/MDS,Earth and Space Science/Biology and Biotechnology,External payloads/Biology,2,0,0,0,0,0,0,0,0,0,0,0,0,0,0,0
ELC/MELFI,Earth and Space Science/Multipurpose,External payloads/Refrigeration,2,2,0,0,0,0,0,0,0,0,0,0,0,0,0,0
ELC/GLACIER,Earth and Space Science/Multipurpose,External payloads/Refrigeration,2,2,0,4,8,0,0,0,0,0,0,0,0,0,0,0
GLACIER/MDS,Multipurpose/Biology and Biotechnology,Refrigeration/Biology,2,0,0,0,0,0,0,0,0,0,0,0,0,0,0,0
CGBA/MELFI,Biology and Biotechnology/Multipurpose,Biology/Refrigeration,2,6,5,0,0,6,0,0,0,0,0,0,0,0,0,0
CGBA/SLAMMD,Biology and Biotechnology/Human Research,Biology/General science,2,2,2,0,0,0,0,0,0,0,0,0,0,0,0,0
EXPRESS Rack/SLAMMD,Multipurpose/Human Research,General science/General science,2,2,2,0,0,0,0,0,0,0,0,0,0,0,0,0
MELFI/MSRR-1,Multipurpose/Physical Science,Refrigeration/Materials,2,0,0,0,0,0,0,0,0,0,0,0,0,0,0,0
FIR/MSRR-1,Physical Science/Physical Science,Fluids/Materials,2,0,0,0,0,0,0,0,0,0,0,0,0,0,0,0
ELC/MERLIN,Earth and Space Science/Biology and Biotechnology,External payloads/Refrigeration,2,2,4,0,12,0,0,0,0,0,0,0,0,0,0,0
MELFI/PGB,Multipurpose/Multipurpose,Refrigeration/Glovebox,2,2,0,0,0,0,0,0,0,0,0,0,0,0,0,0
EPM/PCBA,Human Research/Human Research,Crew health/Crew health,2,2,2,2,0,0,0,0,0,0,0,0,0,0,0,0
EDR/EPM,Multipurpose/Human Research,General science/Crew health,0,14,5,0,0,0,0,0,0,0,0,0,0,0,0,0
Holter/SLAMMD,Human Research/Human Research,Crew health/General science,0,12,0,0,0,0,0,0,0,0,0,0,0,0,0,0
Holter/MMD,Human Research/Multipurpose,Crew health/Crew health,0,12,0,0,0,0,0,0,0,0,0,0,0,0,0,0
EMCS/MWA,Biology and Biotechnology/Multipurpose,Plant/Maintenance,0,10,2,0,4,7,0,0,0,4,0,0,0,0,0,0
MARES/WORF,Human Research/Earth and Space Science,Crew health/Earth observation,0,10,0,0,0,0,0,0,0,0,0,0,0,0,0,0
EMCS/MELFI,Biology and Biotechnology/Multipurpose,Plant/Refrigeration,0,10,2,2,8,7,0,4,2,6,0,0,0,0,0,0
HRF-1/Ultrasound,Multipurpose/Human Research,Crew health/Crew health,0,8,8,5,0,0,0,0,0,0,0,0,0,0,0,0
MELFI/WORF,Multipurpose/Earth and Space Science,Refrigeration/Earth observation,0,8,2,0,0,0,0,0,0,0,0,0,0,0,0,0
IPU/MSG,Multipurpose/Multipurpose,Image processing/Glovebox,0,6,0,0,0,0,0,0,0,0,0,0,0,0,0,0
EPM/Ultrasound,Human Research/Human Research,Crew health/Crew health,0,6,4,4,0,0,0,2,0,0,0,0,0,0,0,0
ALTEA/MELFI,Human Research/Multipurpose,Crew health/Refrigeration,0,6,0,0,0,0,0,0,0,0,0,0,0,0,0,0
CGBA/CIR,Biology and Biotechnology/Physical Science,Biology/Furnace,0,6,0,0,0,0,0,0,0,0,0,0,0,0,0,0
MARES/MELFI,Human Research/Multipurpose,Crew health/Refrigeration,0,6,0,0,0,0,0,0,0,0,0,0,0,0,0,0
CGBA/PFS,Biology and Biotechnology/Human Research,Biology/Crew health,0,4,2,0,0,0,0,0,0,0,0,0,0,0,0,0
EDR/FSL,Multipurpose/Physical Science,General science/Fluids,0,4,2,0,0,0,0,0,0,0,0,0,0,0,0,0
EPM/FSL,Human Research/Physical Science,Crew health/Fluids,0,4,2,0,0,0,0,0,0,0,0,0,0,0,0,0
MERLIN/PCBA,Biology and Biotechnology/Human Research,Refrigeration/Crew health,0,4,0,0,0,0,0,0,0,0,0,0,0,0,0,0
CBEF/MSG,Biology and Biotechnology/Multipurpose,Biology/Glovebox,0,4,0,0,0,0,2,0,0,0,0,0,0,0,0,0
ETC/FSL,Multipurpose/Physical Science,Stowage/Fluids,0,4,0,0,0,0,0,0,0,0,0,0,0,0,0,0
CBEF/GLACIER,Biology and Biotechnology/Multipurpose,Biology/Refrigeration,0,4,0,0,0,1,0,0,0,0,0,0,0,0,0,0
EDR/ETC,Multipurpose/Multipurpose,General science/Stowage,0,4,0,0,0,0,0,0,0,0,0,4,0,0,0,0
ABRS/ELC,Biology and Biotechnology/Earth and Space Science,Plant/External payloads,0,4,0,0,0,0,0,0,0,0,0,0,0,0,0,0
CGBA/TEPC,Biology and Biotechnology/Human Research,Biology/Crew health,0,4,0,0,0,0,0,0,0,0,0,0,0,0,0,0
MELFI/TEPC,Multipurpose/Human Research,Refrigeration/Crew health,0,4,0,0,0,0,0,0,0,0,0,0,0,0,0,0
CGBA/PCBA,Biology and Biotechnology/Human Research,Biology/Crew health,0,4,0,0,0,0,0,0,0,0,0,0,0,0,0,0
FIR/PCBA,Physical Science/Human Research,Fluids/Crew health,0,2,0,0,0,0,0,0,0,0,0,0,0,0,0,0
MSG/PCBA,Multipurpose/Human Research,Glovebox/Crew health,0,2,0,0,0,0,0,0,0,0,0,0,0,0,0,0
CBEF/Double Coldbag,Biology and Biotechnology/Multipurpose,Biology/Refrigeration,0,2,0,0,0,0,0,0,0,0,0,0,0,0,0,0
GLACIER/Saibo,Multipurpose/Multipurpose,Refrigeration/Biology,0,2,0,0,0,1,0,0,0,0,0,0,0,0,0,0
Double Coldbag/Saibo,Multipurpose/Multipurpose,Refrigeration/Biology,0,2,0,0,0,0,0,0,0,0,0,0,0,0,0,0
BSTC/EXPRESS Rack,Biology and Biotechnology/Multipurpose,Biology/General science,0,2,0,0,0,0,0,0,0,0,0,0,0,0,0,0
FIR/SCOF,Physical Science/Biology and Biotechnology,Fluids/Microscope,0,2,0,0,0,0,0,0,0,0,0,0,0,0,0,0
DECLIC/MSL,Physical Science/Physical Science,Fluids/Furnace,0,2,0,0,0,0,0,0,0,0,0,0,0,0,0,0
KFT/Kubik,Biology and Biotechnology/Multipurpose,Glovebox/Incubator,0,2,0,0,0,0,0,0,0,0,0,0,0,0,0,0
Kubik/TEPC,Multipurpose/Human Research,Incubator/Crew health,0,2,0,0,0,0,0,0,0,0,0,0,0,0,0,0
EDR/Kubik,Multipurpose/Multipurpose,General science/Incubator,0,2,2,0,0,0,2,0,0,0,2,0,0,0,0,0
EXPRESS Rack/GN2,Multipurpose/Multipurpose,General science/General science,0,2,2,0,0,0,0,0,0,2,0,0,0,0,0,0
EMCS/GN2,Biology and Biotechnology/Multipurpose,Plant/General science,0,2,2,0,0,0,0,0,0,0,0,0,0,0,0,0
BioLab/MELFI,Multipurpose/Multipurpose,Biology/Refrigeration,0,2,0,0,0,0,0,0,0,2,0,0,0,0,0,0
ABRS/MERLIN,Biology and Biotechnology/Biology and Biotechnology,Plant/Refrigeration,0,2,0,0,0,0,0,0,0,0,0,0,0,0,0,0
Ryutai/Saibo,Multipurpose/Multipurpose,General science/Biology,0,2,0,2,0,0,0,0,0,0,0,0,0,0,0,0
PCBA/Ultrasound,Human Research/Human Research,Crew health/Crew health,0,2,0,0,0,0,0,0,0,0,0,0,0,0,0,0
GLACIER/PFS,Multipurpose/Human Research,Refrigeration/Crew health,0,2,0,0,0,0,0,0,0,0,0,0,0,0,0,0
GLACIER/Portable Pulmonary Function System,Multipurpose/Human Research,Refrigeration/Crew health,0,2,0,0,0,0,0,0,0,0,0,0,0,0,0,0
ALTEA/GLACIER,Human Research/Multipurpose,Crew health/Refrigeration,0,2,0,0,0,0,0,0,0,0,0,0,0,0,0,0
EDR/GLACIER,Multipurpose/Multipurpose,General science/Refrigeration,0,2,0,0,0,0,0,0,0,0,0,0,0,0,0,0
CGBA/Kubik,Biology and Biotechnology/Multipurpose,Biology/Incubator,0,2,0,0,0,0,0,0,0,0,0,0,0,0,0,0
Kubik/MELFI,Multipurpose/Multipurpose,Incubator/Refrigeration,0,2,2,0,0,0,2,2,6,2,0,0,0,0,0,0
ALTEA/TEPC,Human Research/Human Research,Crew health/Crew health,0,2,0,0,0,0,0,0,0,0,0,0,0,0,0,0
EDR/TEPC,Multipurpose/Human Research,General science/Crew health,0,2,0,0,0,0,0,0,0,0,0,0,0,0,0,0
MERLIN/TEPC,Biology and Biotechnology/Human Research,Refrigeration/Crew health,0,2,0,0,0,0,0,0,0,0,0,0,0,0,0,0
PCBA/TEPC,Human Research/Human Research,Crew health/Crew health,0,2,0,0,0,0,0,0,0,0,0,0,0,0,0,0
EXPRESS Rack/TEPC,Multipurpose/Human Research,General science/Crew health,0,2,0,0,0,0,0,0,0,0,0,0,0,0,0,0
CIR/TEPC,Physical Science/Human Research,Furnace/Crew health,0,2,0,0,0,0,0,0,0,0,0,0,0,0,0,0
FIR/TEPC,Physical Science/Human Research,Fluids/Crew health,0,2,0,0,0,0,0,0,0,0,0,0,0,0,0,0
MELFI/PCRF,Multipurpose/Biology and Biotechnology,Refrigeration/Biology,0,2,0,0,0,0,0,0,0,0,0,0,0,0,0,0
MSG/PCRF,Multipurpose/Biology and Biotechnology,Glovebox/Biology,0,2,0,0,0,0,0,0,0,0,0,0,0,0,0,0
CBEF/PCRF,Biology and Biotechnology/Biology and Biotechnology,Biology/Biology,0,2,0,2,0,1,0,2,2,0,0,0,0,0,0,0
KFT/TEPC,Biology and Biotechnology/Human Research,Glovebox/Crew health,0,2,0,0,0,0,0,0,0,0,0,0,0,0,0,0
MERLIN/MSG,Biology and Biotechnology/Multipurpose,Refrigeration/Glovebox,0,2,0,0,0,0,0,0,8,0,0,0,0,0,0,0
CGBA/MERLIN,Biology and Biotechnology/Biology and Biotechnology,Biology/Refrigeration,0,2,0,0,0,6,0,0,0,0,0,0,0,0,0,0
FIR/MERLIN,Physical Science/Biology and Biotechnology,Fluids/Refrigeration,0,2,0,0,0,0,0,0,4,2,0,0,0,0,0,0
CIR/MERLIN,Physical Science/Biology and Biotechnology,Furnace/Refrigeration,0,2,0,0,0,0,0,0,0,0,0,0,0,0,0,0
CBEF/MERLIN,Biology and Biotechnology/Biology and Biotechnology,Biology/Refrigeration,0,2,0,0,0,0,8,0,0,0,0,0,0,0,0,0
CGBA/KFT,Biology and Biotechnology/Biology and Biotechnology,Biology/Glovebox,0,2,0,0,0,0,0,0,0,0,0,0,0,0,0,0
EDR/KFT,Multipurpose/Biology and Biotechnology,General science/Glovebox,0,2,0,0,0,0,0,0,0,0,0,0,0,0,0,0
CGBA/Holter,Biology and Biotechnology/Human Research,Biology/Crew health,0,2,2,0,0,0,0,0,0,0,0,0,0,0,0,0
EXPRESS Rack/Holter,Multipurpose/Human Research,General science/Crew health,0,2,4,2,0,0,0,0,0,0,0,0,0,0,0,0
FIR/FPEF,Physical Science/Physical Science,Fluids/Fluids,0,2,0,0,0,0,0,0,0,0,0,0,0,0,0,0
CIR/FPEF,Physical Science/Physical Science,Furnace/Fluids,0,2,2,0,0,0,0,0,0,0,0,0,0,0,0,0
CIR/MWA,Physical Science/Multipurpose,Furnace/Maintenance,0,2,10,5,2,12,12,4,2,0,0,0,0,0,0,0
CBEF/Holter,Biology and Biotechnology/Human Research,Biology/Crew health,0,2,0,0,0,0,0,0,0,0,0,0,0,0,0,0
Actiwatch/CIR,Human Research/Physical Science,Crew health/Furnace,0,2,0,0,0,0,0,0,0,0,0,0,0,0,0,0
EMCS/EXPRESS Rack,Biology and Biotechnology/Multipurpose,Plant/General science,0,2,8,4,2,0,0,4,0,2,0,0,0,0,0,0
CGBA/Portable Pulmonary Function System,Biology and Biotechnology/Human Research,Biology/Crew health,0,2,2,0,0,0,0,0,0,0,0,0,0,0,0,0
CIR/LMM,Physical Science/Multipurpose,Furnace/Microscope,0,2,8,0,0,0,0,0,0,0,0,0,0,0,0,0
Actiwatch/MSG,Human Research/Multipurpose,Crew health/Glovebox,0,2,0,0,0,0,0,0,0,0,0,0,0,0,0,0
CIR/MARES,Physical Science/Human Research,Furnace/Crew health,0,2,0,0,0,0,0,0,0,0,0,0,0,0,0,0
MARES/MERLIN,Human Research/Biology and Biotechnology,Crew health/Refrigeration,0,2,0,0,0,0,0,0,0,0,0,0,0,0,0,0
MARES/MSG,Human Research/Multipurpose,Crew health/Glovebox,0,2,0,0,0,0,0,0,0,0,0,0,0,0,0,0
EXPRESS Rack/MARES,Multipurpose/Human Research,General science/Crew health,0,2,0,0,0,0,0,0,0,0,0,0,0,0,0,0
IPU/MELFI,Multipurpose/Multipurpose,Image processing/Refrigeration,0,2,0,0,0,0,0,0,0,0,0,0,0,0,0,0
ELC/MSG,Earth and Space Science/Multipurpose,External payloads/Glovebox,0,2,0,0,0,0,0,0,0,0,0,0,0,0,0,0
FIR/IPU,Physical Science/Multipurpose,Fluids/Image processing,0,2,0,0,0,0,0,0,0,0,0,0,0,0,0,0
CIR/SLAMMD,Physical Science/Human Research,Furnace/General science,0,2,0,0,0,0,0,0,0,0,0,0,0,0,0,0
FIR/FSL,Physical Science/Physical Science,Fluids/Fluids,0,2,0,0,0,0,0,0,0,0,0,0,0,0,0,0
FPEF/FSL,Physical Science/Physical Science,Fluids/Fluids,0,2,0,0,0,0,0,0,0,0,0,0,0,0,0,0
PFS/WORF,Human Research/Earth and Space Science,Crew health/Earth observation,0,2,0,0,0,0,0,0,0,0,0,0,2,0,0,0
MSG/WORF,Multipurpose/Earth and Space Science,Glovebox/Earth observation,0,2,0,0,0,0,0,0,0,0,0,0,0,0,0,0
IPU/WORF,Multipurpose/Earth and Space Science,Image processing/Earth observation,0,2,0,0,0,0,0,0,0,0,0,0,0,0,0,0
CB/IPU,Multipurpose/Multipurpose,Glovebox/Image processing,0,2,0,0,0,0,0,0,0,0,0,0,0,0,2,0
CB/CIR,Multipurpose/Physical Science,Glovebox/Furnace,0,2,0,0,0,0,0,0,0,0,0,0,0,0,0,0
CB/EXPRESS Rack,Multipurpose/Multipurpose,Glovebox/General science,0,2,0,0,0,0,0,0,0,0,0,0,0,0,0,0
EDR/MELFI,Multipurpose/Multipurpose,General science/Refrigeration,0,2,2,0,0,0,0,0,0,0,0,0,0,0,0,0
CGBA/EDR,Biology and Biotechnology/Multipurpose,Biology/General science,0,2,2,0,0,0,0,0,0,0,0,0,0,0,0,0
ALTEA/MERLIN,Human Research/Biology and Biotechnology,Crew health/Refrigeration,0,2,0,0,0,0,0,0,0,0,0,0,0,0,0,0
ALTEA/PCBA,Human Research/Human Research,Crew health/Crew health,0,2,0,0,0,0,0,0,0,0,0,0,0,0,0,0
ALTEA/PFS,Human Research/Human Research,Crew health/Crew health,0,2,0,0,0,0,0,0,0,0,0,0,0,0,0,0
ALTEA/Portable Pulmonary Function System,Human Research/Human Research,Crew health/Crew health,0,2,0,0,0,0,0,0,0,0,0,0,0,0,0,0
ALTEA/MSG,Human Research/Multipurpose,Crew health/Glovebox,0,2,2,0,0,0,0,0,0,0,0,0,0,0,0,0
ALTEA/CBEF,Human Research/Biology and Biotechnology,Crew health/Biology,0,2,0,0,0,0,0,0,0,0,0,0,0,0,0,0
EXPRESS Rack/MSL,Multipurpose/Physical Science,General science/Furnace,0,2,2,0,0,0,0,0,0,0,0,0,0,0,0,0
MELFI/MSL,Multipurpose/Physical Science,Refrigeration/Furnace,0,2,0,0,0,0,0,0,0,0,0,0,0,0,0,0
CGBA/FIR,Biology and Biotechnology/Physical Science,Biology/Fluids,0,2,0,0,0,0,0,0,0,0,0,0,0,0,0,0
BXF/MSG,Physical Science/Multipurpose,Combustion/Glovebox,0,0,34,0,0,0,0,0,0,0,0,0,0,0,0,0
Actiwatch/Spectrum,Human Research/Multipurpose,Crew health/Biology,0,0,22,140,8,7,10,8,0,6,4,0,2,0,0,0
Ultrasound/Ultrasound 2,Human Research/Human Research,Crew health/Crew health,0,0,18,68,22,6,12,36,16,0,2,2,0,18,16,14
Actiwatch/Actiwatch Spectrum,Human Research/Human Research,Crew health/Crew health,0,0,16,138,8,7,10,8,0,6,4,0,0,0,0,0
Actiwatch Spectrum/Spectrum,Human Research/Multipurpose,Crew health/Biology,0,0,16,138,8,7,10,8,0,6,4,0,0,0,0,0
Holter Monitor 2/Spectrum,Human Research/Multipurpose,Crew health/Biology,0,0,16,83,4,0,0,0,0,0,0,0,2,0,0,0
Holter/Spectrum,Human Research/Multipurpose,Crew health/Biology,0,0,16,104,6,3,4,6,0,0,0,0,2,0,0,0
Actiwatch Spectrum/Holter Monitor 2,Human Research/Human Research,Crew health/Crew health,0,0,14,83,4,0,0,0,0,0,0,0,0,0,0,0
Actiwatch Spectrum/Holter,Human Research/Human Research,Crew health/Crew health,0,0,14,102,6,3,4,6,0,0,0,0,0,0,0,0
CGBA/Plant Habitat,Biology and Biotechnology/Biology and Biotechnology,Biology/Plant,0,0,11,0,0,0,0,0,0,0,0,0,0,0,0,0
EXPRESS Rack/FSL,Multipurpose/Physical Science,General science/Fluids,0,0,8,0,0,0,0,0,0,0,0,0,0,0,0,0
EPM/Spectrum,Human Research/Multipurpose,Crew health/Biology,0,0,8,68,0,0,0,0,0,0,0,0,0,0,0,0
Actiwatch Spectrum/EPM,Human Research/Human Research,Crew health/Crew health,0,0,8,68,0,0,0,0,0,0,0,0,0,0,0,0
CGBA/WORF,Biology and Biotechnology/Earth and Space Science,Biology/Earth observation,0,0,5,0,0,0,0,0,0,0,0,0,0,0,0,0
HRF-1/Ultrasound 2,Multipurpose/Human Research,Crew health/Crew health,0,0,5,5,0,0,0,0,0,0,0,0,0,0,0,0
Holter/Ultrasound,Human Research/Human Research,Crew health/Crew health,0,0,4,45,0,0,0,20,6,0,0,0,0,2,0,0
Actiwatch/Ultrasound,Human Research/Human Research,Crew health/Crew health,0,0,4,45,0,0,0,0,0,0,0,0,0,0,0,0
Holter Monitor 2/Ultrasound,Human Research/Human Research,Crew health/Crew health,0,0,4,45,0,0,0,0,0,0,0,0,0,0,0,0
MARES/MMD,Human Research/Multipurpose,Crew health/Crew health,0,0,4,0,0,0,0,0,0,0,0,0,0,0,0,0
MARES/SLAMMD,Human Research/Human Research,Crew health/General science,0,0,4,0,0,0,0,0,0,0,0,0,0,0,0,0
EPM/MARES,Human Research/Human Research,Crew health/Crew health,0,0,4,8,0,1,4,0,2,0,0,0,0,0,0,0
Spectrum/Ultrasound 2,Multipurpose/Human Research,Biology/Crew health,0,0,4,45,0,0,0,0,0,0,0,0,0,0,0,0
Holter Monitor 2/Ultrasound 2,Human Research/Human Research,Crew health/Crew health,0,0,4,45,0,0,0,0,0,0,0,0,0,0,0,0
ELC/EMCS,Earth and Space Science/Biology and Biotechnology,External payloads/Plant,0,0,4,0,2,0,0,6,0,0,0,0,0,0,0,0
Actiwatch/HRF-2,Human Research/Multipurpose,Crew health/Crew health,0,0,4,0,0,0,0,0,0,0,0,0,2,0,0,0
HRF-2/Ultrasound 2,Multipurpose/Human Research,Crew health/Crew health,0,0,4,0,0,0,0,0,0,0,0,0,0,0,0,0
HRF-2/Ultrasound,Multipurpose/Human Research,Crew health/Crew health,0,0,4,0,0,0,0,0,0,0,0,0,0,0,0,0
HRF-1/HRF-2,Multipurpose/Multipurpose,Crew health/Crew health,0,0,4,0,0,0,0,0,0,2,0,0,0,0,0,0
Holter/Ultrasound 2,Human Research/Human Research,Crew health/Crew health,0,0,4,45,0,0,0,4,0,0,0,0,0,0,0,0
Actiwatch/Ultrasound 2,Human Research/Human Research,Crew health/Crew health,0,0,4,45,0,0,0,0,0,0,0,0,0,0,0,0
Actiwatch Spectrum/Ultrasound 2,Human Research/Human Research,Crew health/Crew health,0,0,4,45,0,0,0,0,0,0,0,0,0,0,0,0
Actiwatch Spectrum/Ultrasound,Human Research/Human Research,Crew health/Crew health,0,0,4,45,0,0,0,0,0,0,0,0,0,0,0,0
MERLIN/Portable Pulmonary Function System,Biology and Biotechnology/Human Research,Refrigeration/Crew health,0,0,4,0,0,0,0,0,0,0,0,0,0,0,0,0
MERLIN/PFS,Biology and Biotechnology/Human Research,Refrigeration/Crew health,0,0,4,0,0,0,0,0,0,0,0,0,0,0,0,0
CGBA/FSL,Biology and Biotechnology/Physical Science,Biology/Fluids,0,0,4,0,0,0,0,0,0,0,0,0,0,0,0,0
Spectrum/Ultrasound,Multipurpose/Human Research,Biology/Crew health,0,0,4,45,0,0,0,0,0,0,0,0,0,0,0,0
LMM/MWA,Multipurpose/Multipurpose,Microscope/Maintenance,0,0,4,0,0,0,2,0,0,0,0,0,0,0,0,0
FSL/MMD,Physical Science/Multipurpose,Fluids/Crew health,0,0,2,0,0,0,0,0,0,0,0,0,0,0,0,0
MELFI/UMS,Multipurpose/Human Research,Refrigeration/Crew health,0,0,2,0,0,0,0,0,0,0,0,0,0,0,0,0
MSG/Portable Pulmonary Function System,Multipurpose/Human Research,Glovebox/Crew health,0,0,2,0,0,0,0,0,0,0,0,0,0,0,0,0
MELFI/RAM,Multipurpose/Human Research,Refrigeration/Crew health,0,0,2,0,0,0,0,0,0,0,0,0,0,0,0,0
PCBA/RAM,Human Research/Human Research,Crew health/Crew health,0,0,2,0,0,0,0,0,0,0,0,0,0,0,0,0
MSG/PFS,Multipurpose/Human Research,Glovebox/Crew health,0,0,2,0,0,0,0,0,0,0,0,0,0,0,0,0
CGBA/ELC,Biology and Biotechnology/Earth and Space Science,Biology/External payloads,0,0,2,0,0,0,0,0,0,0,0,0,0,0,0,0
CB/UMS,Multipurpose/Human Research,Glovebox/Crew health,0,0,2,0,0,0,0,0,0,0,0,0,0,0,0,0
ELC/WORF,Earth and Space Science/Earth and Space Science,External payloads/Earth observation,0,0,2,0,4,0,0,0,0,0,0,0,0,0,0,0
ELC/Plant Habitat,Earth and Space Science/Biology and Biotechnology,External payloads/Plant,0,0,2,0,0,0,0,0,0,0,0,0,0,0,0,0
Plant Habitat/WORF,Biology and Biotechnology/Earth and Space Science,Plant/Earth observation,0,0,2,0,0,0,0,0,0,0,0,0,0,0,0,0
EDR/MERLIN,Multipurpose/Biology and Biotechnology,General science/Refrigeration,0,0,2,0,0,0,0,0,0,0,0,0,0,0,0,0
CIR/WORF,Physical Science/Earth and Space Science,Furnace/Earth observation,0,0,2,2,0,0,0,0,0,0,0,0,0,0,0,0
Actiwatch/MELFI,Human Research/Multipurpose,Crew health/Refrigeration,0,0,2,2,0,0,0,0,2,0,0,0,0,0,0,0
BXF/Solar,Physical Science/Earth and Space Science,Combustion/Astronomy,0,0,2,0,0,0,0,0,0,0,0,0,0,0,0,0
CGBA/EPM,Biology and Biotechnology/Human Research,Biology/Crew health,0,0,2,0,0,0,0,0,0,0,0,0,0,0,0,0
EPM/EXPRESS Rack,Human Research/Multipurpose,Crew health/General science,0,0,2,0,0,0,0,0,0,0,0,0,0,0,0,0
FSL/SLAMMD,Physical Science/Human Research,Fluids/General science,0,0,2,0,0,0,0,0,0,0,0,0,0,0,0,0
HRF-2/Spectrum,Multipurpose/Multipurpose,Crew health/Biology,0,0,2,0,0,0,0,0,0,0,0,0,0,0,0,0
EXPRESS Rack/FPEF,Multipurpose/Physical Science,General science/Fluids,0,0,2,0,0,0,0,0,0,0,0,0,0,0,0,0
ELC/FPEF,Earth and Space Science/Physical Science,External payloads/Fluids,0,0,2,0,0,0,0,0,0,0,0,0,0,0,0,0
FSL/Ultrasound,Physical Science/Human Research,Fluids/Crew health,0,0,2,0,0,0,0,0,0,0,0,0,0,0,0,0
FSL/MELFI,Physical Science/Multipurpose,Fluids/Refrigeration,0,0,2,0,0,0,0,0,0,0,0,0,0,0,0,0
FSL/MERLIN,Physical Science/Biology and Biotechnology,Fluids/Refrigeration,0,0,2,0,0,0,0,0,0,0,0,0,0,0,0,0
FSL/WORF,Physical Science/Earth and Space Science,Fluids/Earth observation,0,0,2,0,0,0,0,0,0,0,0,0,0,0,0,0
Holter/MSRR-1,Human Research/Physical Science,Crew health/Materials,0,0,2,0,0,0,0,0,0,0,0,0,0,0,0,0
Ultrasound 2/WORF,Human Research/Earth and Space Science,Crew health/Earth observation,0,0,2,0,0,0,0,0,0,0,0,0,0,0,0,0
CGBA/Ultrasound 2,Biology and Biotechnology/Human Research,Biology/Crew health,0,0,2,0,0,0,0,0,0,0,0,0,0,0,0,0
SLAMMD/Ultrasound 2,Human Research/Human Research,General science/Crew health,0,0,2,0,0,0,0,0,0,0,0,0,0,0,0,0
MMD/Ultrasound 2,Multipurpose/Human Research,Crew health/Crew health,0,0,2,0,0,0,0,0,0,0,0,0,0,0,0,0
FSL/Ultrasound 2,Physical Science/Human Research,Fluids/Crew health,0,0,2,0,0,0,0,0,0,0,0,0,0,0,0,0
Solar/TEPC,Earth and Space Science/Human Research,Astronomy/Crew health,0,0,2,0,0,0,0,0,0,0,0,0,0,0,0,0
MSRR-1/PFS,Physical Science/Human Research,Materials/Crew health,0,0,2,0,0,0,0,0,0,0,0,0,0,0,0,0
EXPRESS Rack/MSRR-1,Multipurpose/Physical Science,General science/Materials,0,0,2,0,0,0,0,0,0,0,0,0,0,0,2,0
EXPRESS Rack/Ultrasound 2,Multipurpose/Human Research,General science/Crew health,0,0,2,2,0,0,0,0,0,0,0,0,0,0,0,0
Holter/MSL,Human Research/Physical Science,Crew health/Furnace,0,0,2,0,0,0,0,0,0,0,0,0,0,0,0,0
MSL/PFS,Physical Science/Human Research,Furnace/Crew health,0,0,2,0,0,0,0,0,0,0,0,0,0,0,0,0
MSL/TEPC,Physical Science/Human Research,Furnace/Crew health,0,0,2,0,0,0,0,0,0,0,0,0,0,0,0,0
EXPRESS Rack/SPHERES,Multipurpose/Technology Development and Demonstration,General science/Robotics,0,0,2,4,0,0,0,0,0,0,0,0,0,0,0,0
HRF-1/SLAMMD,Multipurpose/Human Research,Crew health/General science,0,0,2,16,0,0,0,0,0,0,0,0,0,0,0,2
SLAMMD/WORF,Human Research/Earth and Space Science,General science/Earth observation,0,0,2,0,0,0,0,0,0,0,0,0,0,0,0,0
HRF-1/MMD,Multipurpose/Multipurpose,Crew health/Crew health,0,0,2,16,0,0,0,0,0,0,0,0,0,0,0,2
EDR/MSG,Multipurpose/Multipurpose,General science/Glovebox,0,0,2,0,0,0,0,0,0,0,0,0,0,0,0,0
EDR/EXPRESS Rack,Multipurpose/Multipurpose,General science/General science,0,0,2,0,0,0,0,0,0,0,0,0,0,0,0,0
MMD/WORF,Multipurpose/Earth and Space Science,Crew health/Earth observation,0,0,2,0,0,0,0,0,0,0,0,0,0,0,0,0
GASMAP/HRF-2,None/Multipurpose,Crew health/Crew health,0,0,2,0,0,0,0,0,0,0,0,0,0,0,0,0
MERLIN/SPHERES,Biology and Biotechnology/Technology Development and Demonstration,Refrigeration/Robotics,0,0,2,0,0,0,0,0,0,0,0,0,0,0,0,0
MMD/Ultrasound,Multipurpose/Human Research,Crew health/Crew health,0,0,2,0,0,0,0,0,0,0,0,0,0,0,0,0
FIR/Ultrasound,Physical Science/Human Research,Fluids/Crew health,0,0,2,0,0,0,0,0,0,0,0,0,0,0,0,0
EXPRESS Rack/Ultrasound,Multipurpose/Human Research,General science/Crew health,0,0,2,2,0,0,0,0,0,0,0,0,0,0,0,0
Ultrasound/WORF,Human Research/Earth and Space Science,Crew health/Earth observation,0,0,2,0,0,0,0,0,0,0,0,0,0,0,0,0
CGBA/Ultrasound,Biology and Biotechnology/Human Research,Biology/Crew health,0,0,2,0,0,0,0,0,0,0,0,0,0,0,0,0
SLAMMD/Ultrasound,Human Research/Human Research,General science/Crew health,0,0,2,0,0,0,0,0,0,0,0,0,0,0,0,0
Aquatic Habitat/MELFI,Biology and Biotechnology/Multipurpose,Biology/Refrigeration,0,0,0,30,0,1,2,0,0,0,0,0,0,0,0,0
GHF/MELFI,None/Multipurpose,Furnace/Refrigeration,0,0,0,10,0,0,0,0,0,0,0,0,0,0,0,0
Aquatic Habitat/MSPR,Biology and Biotechnology/Multipurpose,Biology/General science,0,0,0,10,4,10,2,0,0,0,0,0,0,0,0,0
CBEF/MSPR,Biology and Biotechnology/Multipurpose,Biology/General science,0,0,0,10,0,10,2,6,0,0,0,0,0,0,0,0
IPU/MSPR,Multipurpose/Multipurpose,Image processing/General science,0,0,0,5,0,0,0,2,0,0,0,0,0,0,0,0
MELFI/MSPR,Multipurpose/Multipurpose,Refrigeration/General science,0,0,0,4,0,7,2,0,0,0,0,0,0,0,0,0
HRF-1/Holter,Multipurpose/Human Research,Crew health/Crew health,0,0,0,4,0,0,0,0,0,0,0,0,0,0,0,0
HRF-1/Spectrum,Multipurpose/Multipurpose,Crew health/Biology,0,0,0,4,0,0,0,0,0,0,0,0,0,0,0,0
Actiwatch Spectrum/HRF-1,Human Research/Multipurpose,Crew health/Crew health,0,0,0,4,0,0,0,0,0,0,0,0,0,0,0,0
ELC/ELITE-S2,Earth and Space Science/Human Research,External payloads/Human research,0,0,0,4,0,0,0,0,0,0,0,0,0,0,0,0
ELITE-S2/EXPRESS Rack,Human Research/Multipurpose,Human research/General science,0,0,0,4,0,0,0,0,0,0,0,0,0,0,0,0
MSPR/Ryutai,Multipurpose/Multipurpose,General science/General science,0,0,0,4,0,0,0,0,0,0,0,0,0,0,0,0
HRF-1/Holter Monitor 2,Multipurpose/Human Research,Crew health/Crew health,0,0,0,4,0,0,0,0,0,0,0,0,0,0,0,0
MWA/SPHERES,Multipurpose/Technology Development and Demonstration,Maintenance/Robotics,0,0,0,4,0,0,0,0,0,0,0,0,0,0,0,0
EPM/Ultrasound 2,Human Research/Human Research,Crew health/Crew health,0,0,0,4,0,0,0,0,0,0,0,0,0,0,0,0
EXPRESS Rack/NanoRacks Plate Reader,Multipurpose/Multipurpose,General science/Biology,0,0,0,4,0,0,0,0,0,0,0,0,0,0,0,0
KFT/MSPR,Biology and Biotechnology/Multipurpose,Glovebox/General science,0,0,0,4,0,0,0,0,0,0,0,0,0,0,0,0
IPU/Saibo,Multipurpose/Multipurpose,Image processing/Biology,0,0,0,2,0,0,0,2,0,0,2,0,0,0,2,0
EXPRESS Rack/Polar,Multipurpose/Multipurpose,General science/Refrigeration,0,0,0,2,0,0,4,6,0,0,2,2,2,0,0,0
ALTEA/CIR,Human Research/Physical Science,Crew health/Furnace,0,0,0,2,0,0,0,0,0,0,0,0,0,0,0,0
ALTEA/WORF,Human Research/Earth and Space Science,Crew health/Earth observation,0,0,0,2,0,0,0,0,0,0,0,0,0,0,0,0
NanoRacks Plate Reader/Polar,Multipurpose/Multipurpose,Biology/Refrigeration,0,0,0,2,0,0,0,0,0,0,0,0,0,0,0,0
MWA/Solar,Multipurpose/Earth and Space Science,Maintenance/Astronomy,0,0,0,2,0,0,0,0,0,0,0,0,0,0,0,0
GHF/KFT,None/Biology and Biotechnology,Furnace/Glovebox,0,0,0,2,0,0,0,0,0,0,0,0,0,0,0,0
FPEF/MSPR,Physical Science/Multipurpose,Fluids/General science,0,0,0,2,0,0,0,0,0,0,0,0,0,0,0,0
HRF-2/MWA,Multipurpose/Multipurpose,Crew health/Maintenance,0,0,0,2,0,0,0,0,0,0,0,0,0,0,0,0
EMCS/GLACIER,Biology and Biotechnology/Multipurpose,Plant/Refrigeration,0,0,0,2,0,0,0,0,0,0,0,0,0,0,0,0
MELFI/Spectrum,Multipurpose/Multipurpose,Refrigeration/Biology,0,0,0,2,0,0,0,0,0,0,0,0,0,0,0,0
EXPRESS Rack/Spectrum,Multipurpose/Multipurpose,General science/Biology,0,0,0,2,0,0,0,0,0,0,0,0,0,0,0,0
Actiwatch Spectrum/MELFI,Human Research/Multipurpose,Crew health/Refrigeration,0,0,0,2,0,0,0,0,0,0,0,0,0,0,0,0
Actiwatch Spectrum/EXPRESS Rack,Human Research/Multipurpose,Crew health/General science,0,0,0,2,0,0,0,0,0,0,0,0,0,0,0,0
EXPRESS Rack/Holter Monitor 2,Multipurpose/Human Research,General science/Crew health,0,0,0,2,0,0,0,0,0,0,0,0,0,0,0,0
EMCS/SAMS-II,Biology and Biotechnology/Multipurpose,Plant/Physics,0,0,0,2,0,0,0,0,0,0,0,0,0,0,0,0
MWA/PFS,Multipurpose/Human Research,Maintenance/Crew health,0,0,0,2,0,0,0,0,0,0,0,0,0,0,0,0
Actiwatch/EXPRESS Rack,Human Research/Multipurpose,Crew health/General science,0,0,0,2,0,0,0,0,0,0,0,0,0,0,0,0
DECLIC/ELC,Physical Science/Earth and Space Science,Fluids/External payloads,0,0,0,2,0,0,0,0,0,0,0,0,0,0,0,0
DECLIC/MSG,Physical Science/Multipurpose,Fluids/Glovebox,0,0,0,2,0,0,0,0,0,0,0,0,0,0,0,0
EXPRESS Rack/MWA,Multipurpose/Multipurpose,General science/Maintenance,0,0,0,2,0,0,0,0,0,0,0,0,2,0,0,0
MSG/MWA,Multipurpose/Multipurpose,Glovebox/Maintenance,0,0,0,2,0,0,0,0,0,0,0,0,0,0,0,0
Bioculture System/MELFI,Biology and Biotechnology/Multipurpose,Biology/Refrigeration,0,0,0,0,8,0,0,0,0,2,0,0,0,0,0,0
GN2/MSPR,Multipurpose/Multipurpose,General science/General science,0,0,0,0,4,0,0,2,2,0,0,0,0,0,0,0
ABRS/MDS,Biology and Biotechnology/Biology and Biotechnology,Plant/Biology,0,0,0,0,2,0,0,0,0,0,0,0,0,0,0,0
BRIC/EXPRESS Rack,Biology and Biotechnology/Multipurpose,Biology/General science,0,0,0,0,2,0,0,2,0,0,0,0,0,0,0,0
ISERV/WORF,Earth and Space Science/Earth and Space Science,Earth observation/Earth observation,0,0,0,0,2,7,0,0,0,0,0,0,0,0,0,0
EDR/EML,Multipurpose/Physical Science,General science/Levitation,0,0,0,0,0,7,0,2,4,2,0,0,0,8,6,6
BRIC/MELFI,Biology and Biotechnology/Multipurpose,Biology/Refrigeration,0,0,0,0,0,6,4,4,0,0,0,0,0,0,2,2
BioLab/EMCS,Multipurpose/Biology and Biotechnology,Biology/Plant,0,0,0,0,0,6,0,0,0,0,0,0,0,0,0,0
CGBA/GLACIER,Biology and Biotechnology/Multipurpose,Biology/Refrigeration,0,0,0,0,0,6,0,0,0,0,0,0,0,0,0,0
BioLab/MWA,Multipurpose/Multipurpose,Biology/Maintenance,0,0,0,0,0,3,0,0,0,0,0,0,0,0,0,0
EXPRESS Rack/Rodent Research,Multipurpose/Biology and Biotechnology,General science/Biology,0,0,0,0,0,3,0,2,4,0,0,0,0,0,0,0
MSG/Rodent Research,Multipurpose/Biology and Biotechnology,Glovebox/Biology,0,0,0,0,0,3,16,21,22,12,0,0,0,2,0,0
MSPR/MWA,Multipurpose/Multipurpose,General science/Maintenance,0,0,0,0,0,3,0,0,0,0,0,0,0,0,0,0
Biotube/CGBA,Biology and Biotechnology/Biology and Biotechnology,Plant/Biology,0,0,0,0,0,1,0,0,0,0,0,0,0,0,0,0
Bone Densitometer/Rodent Research,Biology and Biotechnology/Biology and Biotechnology,Crew health/Biology,0,0,0,0,0,1,13,4,10,4,2,4,0,0,0,0
MELFI/Polar,Multipurpose/Multipurpose,Refrigeration/Refrigeration,0,0,0,0,0,1,2,2,4,4,4,2,0,0,4,0
ELC/SCAN Testbed,Earth and Space Science/Technology Development and Demonstration,External payloads/Communication,0,0,0,0,0,1,0,0,0,0,0,0,0,0,0,0
Bone Densitometer/EXPRESS Rack,Biology and Biotechnology/Multipurpose,Crew health/General science,0,0,0,0,0,1,2,0,0,0,0,0,0,0,0,0
KFT/MWA,Biology and Biotechnology/Multipurpose,Glovebox/Maintenance,0,0,0,0,0,1,0,0,2,0,0,0,0,0,0,0
Bone Densitometer/ELC,Biology and Biotechnology/Earth and Space Science,Crew health/External payloads,0,0,0,0,0,1,0,0,0,0,0,0,0,0,0,0
FIR/MWA,Physical Science/Multipurpose,Fluids/Maintenance,0,0,0,0,0,1,0,0,0,0,0,0,0,0,0,0
Aquatic Habitat/MWA,Biology and Biotechnology/Multipurpose,Biology/Maintenance,0,0,0,0,0,1,0,0,0,0,0,0,0,0,0,0
ELC/SPHERES,Earth and Space Science/Technology Development and Demonstration,External payloads/Robotics,0,0,0,0,0,1,2,6,6,2,0,0,0,0,0,0
MELFI/Veggie,Multipurpose/Biology and Biotechnology,Refrigeration/Plant,0,0,0,0,0,1,4,8,12,4,0,0,0,0,0,0
Aquatic Habitat/IPU,Biology and Biotechnology/Multipurpose,Biology/Image processing,0,0,0,0,0,1,0,0,0,0,0,0,0,0,0,0
MELFI/Rodent Research,Multipurpose/Biology and Biotechnology,Refrigeration/Biology,0,0,0,0,0,0,12,2,6,24,2,0,0,0,0,0
Aquatic Habitat/CBEF,Biology and Biotechnology/Biology and Biotechnology,Biology/Biology,0,0,0,0,0,0,8,0,0,0,0,0,0,0,0,0
MSPR/MSPR-2,Multipurpose/Multipurpose,General science/General science,0,0,0,0,0,0,6,0,0,0,0,0,0,0,2,0
GLACIER/MWA,Multipurpose/Multipurpose,Refrigeration/Maintenance,0,0,0,0,0,0,4,0,0,0,0,0,0,0,0,0
ABRS/Veggie,Biology and Biotechnology/Biology and Biotechnology,Plant/Plant,0,0,0,0,0,0,4,0,10,0,0,0,0,0,0,0
Bone Densitometer/MELFI,Biology and Biotechnology/Multipurpose,Crew health/Refrigeration,0,0,0,0,0,0,4,0,0,0,0,0,0,0,0,0
Bone Densitometer/MSG,Biology and Biotechnology/Multipurpose,Crew health/Glovebox,0,0,0,0,0,0,4,0,6,0,0,0,0,0,0,0
GLACIER/Veggie,Multipurpose/Biology and Biotechnology,Refrigeration/Plant,0,0,0,0,0,0,4,0,0,0,0,0,0,0,0,0
MWA/Veggie,Multipurpose/Biology and Biotechnology,Maintenance/Plant,0,0,0,0,0,0,4,2,6,0,0,0,0,0,0,0
PFS/Ultrasound 2,Human Research/Human Research,Crew health/Crew health,0,0,0,0,0,0,4,4,0,0,0,0,0,0,0,0
ABRS/GLACIER,Biology and Biotechnology/Multipurpose,Plant/Refrigeration,0,0,0,0,0,0,4,0,0,0,0,0,0,0,0,0
LMM/Veggie,Multipurpose/Biology and Biotechnology,Microscope/Plant,0,0,0,0,0,0,4,0,2,4,0,0,0,0,0,0
MELFI/Wet Lab Kit,Multipurpose/Multipurpose,Refrigeration/Biology,0,0,0,0,0,0,2,0,0,0,0,0,0,0,0,0
EXPRESS Rack/Wet Lab Kit,Multipurpose/Multipurpose,General science/Biology,0,0,0,0,0,0,2,0,0,0,0,0,0,0,0,0
CBPD/PFS,Human Research/Human Research,Crew health/Crew health,0,0,0,0,0,0,2,0,0,0,0,0,0,0,0,0
ABRS/LMM,Biology and Biotechnology/Multipurpose,Plant/Microscope,0,0,0,0,0,0,2,0,4,0,0,0,0,0,0,0
Bone Densitometer/Wet Lab Kit,Biology and Biotechnology/Multipurpose,Crew health/Biology,0,0,0,0,0,0,2,0,0,0,0,0,0,0,0,0
FROST/MSPR,Multipurpose/Multipurpose,Refrigeration/General science,0,0,0,0,0,0,2,0,0,0,0,0,0,0,0,0
CBEF/FROST,Biology and Biotechnology/Multipurpose,Biology/Refrigeration,0,0,0,0,0,0,2,0,0,0,0,0,0,0,0,0
GLACIER/Polar,Multipurpose/Multipurpose,Refrigeration/Refrigeration,0,0,0,0,0,0,2,0,4,0,4,0,2,0,0,0
EMCS/Veggie,Biology and Biotechnology/Biology and Biotechnology,Plant/Plant,0,0,0,0,0,0,2,0,0,0,0,0,0,0,0,0
EML/EPM,Physical Science/Human Research,Levitation/Crew health,0,0,0,0,0,0,2,0,0,0,0,0,0,0,0,0
Fruit Fly Lab/MELFI,Biology and Biotechnology/Multipurpose,Biology/Refrigeration,0,0,0,0,0,0,2,0,0,0,0,0,0,0,0,0
Fruit Fly Lab/MWA,Biology and Biotechnology/Multipurpose,Biology/Maintenance,0,0,0,0,0,0,2,0,0,0,0,0,0,0,0,0
Portable Pulmonary Function System/Ultrasound,Human Research/Human Research,Crew health/Crew health,0,0,0,0,0,0,2,4,0,0,0,0,0,0,0,0
GLACIER/LMM,Multipurpose/Multipurpose,Refrigeration/Microscope,0,0,0,0,0,0,2,0,0,0,0,0,0,0,0,0
BRIC/CGBA,Biology and Biotechnology/Biology and Biotechnology,Biology/Biology,0,0,0,0,0,0,2,0,0,0,0,0,0,0,0,0
ELF/MSPR,Physical Science/Multipurpose,Furnace/General science,0,0,0,0,0,0,0,24,10,2,0,2,0,12,22,12
CGBA/SABL,Biology and Biotechnology/Biology and Biotechnology,Biology/Incubator,0,0,0,0,0,0,0,8,0,0,0,0,0,0,0,0
EXPRESS Rack/SABL,Multipurpose/Biology and Biotechnology,General science/Incubator,0,0,0,0,0,0,0,6,0,0,0,0,2,0,0,0
MELFI/Ultrasound,Multipurpose/Human Research,Refrigeration/Crew health,0,0,0,0,0,0,0,6,0,0,0,0,0,0,0,0
Bone Densitometer/Ultrasound,Biology and Biotechnology/Human Research,Crew health/Crew health,0,0,0,0,0,0,0,4,0,0,0,0,0,0,0,0
MSG/SABL,Multipurpose/Biology and Biotechnology,Glovebox/Incubator,0,0,0,0,0,0,0,4,16,2,0,0,0,6,0,0
Bone Densitometer/Ultrasound 2,Biology and Biotechnology/Human Research,Crew health/Crew health,0,0,0,0,0,0,0,4,0,0,0,0,0,0,0,0
Portable Pulmonary Function System/Ultrasound 2,Human Research/Human Research,Crew health/Crew health,0,0,0,0,0,0,0,4,0,0,0,0,0,0,0,0
Rodent Research/Ultrasound,Biology and Biotechnology/Human Research,Biology/Crew health,0,0,0,0,0,0,0,4,0,0,0,0,0,0,0,0
Rodent Research/Ultrasound 2,Biology and Biotechnology/Human Research,Biology/Crew health,0,0,0,0,0,0,0,4,0,0,0,0,0,0,0,0
ELF/GN2,Physical Science/Multipurpose,Furnace/General science,0,0,0,0,0,0,0,4,0,0,0,0,0,0,0,0
JAXA Mouse Habitat Unit/Polar,Biology and Biotechnology/Multipurpose,Biology/Refrigeration,0,0,0,0,0,0,0,2,0,0,0,0,0,0,0,0
MELFI/NanoRacks Platforms,Multipurpose/Multipurpose,Refrigeration/General science,0,0,0,0,0,0,0,2,0,0,0,0,0,0,0,0
NanoRacks External Platform/NanoRacks Plate Reader,Multipurpose/Multipurpose,External payloads/Biology,0,0,0,0,0,0,0,2,0,0,0,0,0,0,0,0
MELFI/Wet Lab RNA SmartCycler,Multipurpose/Biology and Biotechnology,Refrigeration/Biology,0,0,0,0,0,0,0,2,0,0,0,0,0,0,0,0
Double Coldbag/SABL,Multipurpose/Biology and Biotechnology,Refrigeration/Incubator,0,0,0,0,0,0,0,2,4,0,0,0,0,0,0,0
Double Coldbag/Polar,Multipurpose/Multipurpose,Refrigeration/Refrigeration,0,0,0,0,0,0,0,2,2,0,0,0,4,0,2,0
JEM-EF/NanoRacks External Platform,Earth and Space Science/Multipurpose,External payloads/External payloads,0,0,0,0,0,0,0,2,6,0,0,2,0,0,2,0
NanoRacks External Platform/RC,Multipurpose/Human Research,External payloads/Centrifuge,0,0,0,0,0,0,0,2,0,0,0,0,0,0,0,0
MERLIN/SABL,Biology and Biotechnology/Biology and Biotechnology,Refrigeration/Incubator,0,0,0,0,0,0,0,2,10,0,0,0,0,0,0,2
J-SSOD/NanoRacks CubeSat Deployer,Multipurpose/Multipurpose,Satellite deployer/Satellite deployer,0,0,0,0,0,0,0,2,0,0,0,0,0,0,0,0
MELFI/SABL,Multipurpose/Biology and Biotechnology,Refrigeration/Incubator,0,0,0,0,0,0,0,2,8,6,0,6,0,6,2,0
CCE/MSPR,None/Multipurpose,Combustion/General science,0,0,0,0,0,0,0,2,0,0,0,0,0,0,0,0
LMM/MELFI,Multipurpose/Multipurpose,Microscope/Refrigeration,0,0,0,0,0,0,0,0,12,6,4,0,0,0,0,0
ADSEP/CellCult,Biology and Biotechnology/Biology and Biotechnology,Biology/Biology,0,0,0,0,0,0,0,0,12,0,0,0,0,0,0,0
CellCult/MELFI,Biology and Biotechnology/Multipurpose,Biology/Refrigeration,0,0,0,0,0,0,0,0,10,0,0,0,0,0,0,0
Bioculture System/MSG,Biology and Biotechnology/Multipurpose,Biology/Glovebox,0,0,0,0,0,0,0,0,6,2,0,0,0,0,0,0
GLACIER/SABL,Multipurpose/Biology and Biotechnology,Refrigeration/Incubator,0,0,0,0,0,0,0,0,6,0,0,0,0,0,0,0
LMM/MERLIN,Multipurpose/Biology and Biotechnology,Microscope/Refrigeration,0,0,0,0,0,0,0,0,6,2,0,0,0,0,0,0
FROST/GLACIER,Multipurpose/Multipurpose,Refrigeration/Refrigeration,0,0,0,0,0,0,0,0,4,0,0,0,0,0,0,0
FROST/SABL,Multipurpose/Biology and Biotechnology,Refrigeration/Incubator,0,0,0,0,0,0,0,0,4,0,0,0,0,0,0,0
FROST/MELFI,Multipurpose/Multipurpose,Refrigeration/Refrigeration,0,0,0,0,0,0,0,0,4,0,0,0,0,0,0,0
ABRS/KFT,Biology and Biotechnology/Biology and Biotechnology,Plant/Glovebox,0,0,0,0,0,0,0,0,4,0,0,0,0,0,0,0
EDR/Plant Habitat,Multipurpose/Biology and Biotechnology,General science/Plant,0,0,0,0,0,0,0,0,4,0,0,0,0,0,0,0
EXPRESS Rack/TangoLab-1,Multipurpose/Multipurpose,General science/General science,0,0,0,0,0,0,0,0,4,4,0,0,0,0,0,0
GLACIER/MSG,Multipurpose/Multipurpose,Refrigeration/Glovebox,0,0,0,0,0,0,0,0,4,0,0,0,0,0,0,0
ELC/MUSES,Earth and Space Science/Multipurpose,External payloads/Earth observation,0,0,0,0,0,0,0,0,4,2,0,0,0,0,0,0
ADSEP/SABL,Biology and Biotechnology/Biology and Biotechnology,Biology/Incubator,0,0,0,0,0,0,0,0,4,0,0,0,0,0,0,0
CellCult/SABL,Biology and Biotechnology/Biology and Biotechnology,Biology/Incubator,0,0,0,0,0,0,0,0,4,0,0,0,0,0,0,0
CellCult/MSG,Biology and Biotechnology/Multipurpose,Biology/Glovebox,0,0,0,0,0,0,0,0,4,0,0,0,0,0,0,0
TangoLab-1/TangoLab-2,Multipurpose/Multipurpose,General science/General science,0,0,0,0,0,0,0,0,4,2,2,6,2,0,0,0
ADSEP/MELFI,Biology and Biotechnology/Multipurpose,Biology/Refrigeration,0,0,0,0,0,0,0,0,4,0,0,0,0,0,0,0
KFT/LMM,Biology and Biotechnology/Multipurpose,Glovebox/Microscope,0,0,0,0,0,0,0,0,2,0,0,0,0,0,0,0
KFT/Veggie,Biology and Biotechnology/Biology and Biotechnology,Glovebox/Plant,0,0,0,0,0,0,0,0,2,2,0,0,2,0,0,0
Bioculture System/EXPRESS Rack,Biology and Biotechnology/Multipurpose,Biology/General science,0,0,0,0,0,0,0,0,2,2,0,0,0,0,0,0
EXPRESS Rack/Programmable Isolation Mount,Multipurpose/Multipurpose,General science/Vibration isolation,0,0,0,0,0,0,0,0,2,0,0,0,0,0,0,0
KFT/Solar,Biology and Biotechnology/Earth and Space Science,Glovebox/Astronomy,0,0,0,0,0,0,0,0,2,0,0,0,0,0,0,0
Double Coldbag/FROST,Multipurpose/Multipurpose,Refrigeration/Refrigeration,0,0,0,0,0,0,0,0,2,0,0,0,0,0,0,0
MERLIN/STaARS-1 EF,Biology and Biotechnology/Biology and Biotechnology,Refrigeration/Biology,0,0,0,0,0,0,0,0,2,0,0,0,0,0,0,0
Fruit Fly Lab/Rodent Research,Biology and Biotechnology/Biology and Biotechnology,Biology/Biology,0,0,0,0,0,0,0,0,2,0,0,0,0,0,0,0
Fruit Fly Lab/SABL,Biology and Biotechnology/Biology and Biotechnology,Biology/Incubator,0,0,0,0,0,0,0,0,2,0,0,0,0,0,0,0
DECLIC/GLACIER,Physical Science/Multipurpose,Fluids/Refrigeration,0,0,0,0,0,0,0,0,2,0,0,0,0,0,0,0
ABS/AMF,Biology and Biotechnology/Technology Development and Demonstration,Biology/3D printing,0,0,0,0,0,0,0,0,2,0,0,0,0,0,0,0
JEM-EF/Solar,Earth and Space Science/Earth and Space Science,External payloads/Astronomy,0,0,0,0,0,0,0,0,2,0,0,0,0,0,0,0
J-SSOD/JEM-EF,Multipurpose/Earth and Space Science,Satellite deployer/External payloads,0,0,0,0,0,0,0,0,2,0,0,0,0,0,2,0
NanoRacks External Platform/Solar,Multipurpose/Earth and Space Science,External payloads/Astronomy,0,0,0,0,0,0,0,0,2,0,0,0,0,0,0,0
EXPRESS Rack/Veggie,Multipurpose/Biology and Biotechnology,General science/Plant,0,0,0,0,0,0,0,0,2,4,0,0,0,0,0,0
MARES/Ultrasound 2,Human Research/Human Research,Crew health/Crew health,0,0,0,0,0,0,0,0,2,0,0,0,0,0,0,0
SABL/TangoLab-1,Biology and Biotechnology/Multipurpose,Incubator/General science,0,0,0,0,0,0,0,0,2,0,0,0,0,0,0,0
MSPR/SABL,Multipurpose/Biology and Biotechnology,General science/Incubator,0,0,0,0,0,0,0,0,2,0,0,0,0,0,0,0
MARES/Ultrasound,Human Research/Human Research,Crew health/Crew health,0,0,0,0,0,0,0,0,2,0,0,0,0,0,0,0
FIR/Veggie,Physical Science/Biology and Biotechnology,Fluids/Plant,0,0,0,0,0,0,0,0,2,0,0,0,0,0,0,0
MELFI/Solar,Multipurpose/Earth and Space Science,Refrigeration/Astronomy,0,0,0,0,0,0,0,0,2,0,0,0,0,0,0,0
Cyclops/NanoRacks External Platform,Multipurpose/Multipurpose,Satellite deployer/External payloads,0,0,0,0,0,0,0,0,2,0,0,0,0,0,0,0
FROST/MERLIN,Multipurpose/Biology and Biotechnology,Refrigeration/Refrigeration,0,0,0,0,0,0,0,0,2,0,0,0,0,0,0,0
EXPRESS Rack/Plant Habitat,Multipurpose/Biology and Biotechnology,General science/Plant,0,0,0,0,0,0,0,0,0,12,0,0,4,16,0,0
MELFI/NanoRacks Plate Reader,Multipurpose/Multipurpose,Refrigeration/Biology,0,0,0,0,0,0,0,0,0,6,0,0,0,0,0,0
Plant Habitat/SABL,Biology and Biotechnology/Biology and Biotechnology,Plant/Incubator,0,0,0,0,0,0,0,0,0,6,0,0,0,0,0,0
MSG/SUBSA,Multipurpose/Physical Science,Glovebox/Physics,0,0,0,0,0,0,0,0,0,6,2,0,14,0,4,0
MELFI/MVP,Multipurpose/Multipurpose,Refrigeration/Centrifuge,0,0,0,0,0,0,0,0,0,4,2,0,0,2,0,0
EPM/ICE Cubes,Human Research/Multipurpose,Crew health/General science,0,0,0,0,0,0,0,0,0,4,0,0,0,0,0,0
EXHAM/J-SSOD,Multipurpose/Multipurpose,External payloads/Satellite deployer,0,0,0,0,0,0,0,0,0,4,0,0,0,0,0,0
MMD/Rodent Research,Multipurpose/Biology and Biotechnology,Crew health/Biology,0,0,0,0,0,0,0,0,0,4,6,0,0,4,0,0
ELC/Solar,Earth and Space Science/Earth and Space Science,External payloads/Astronomy,0,0,0,0,0,0,0,0,0,4,0,0,0,0,0,2
MMD/MSG,Multipurpose/Multipurpose,Crew health/Glovebox,0,0,0,0,0,0,0,0,0,4,0,0,0,0,0,0
HRF-2/RC,Multipurpose/Human Research,Crew health/Centrifuge,0,0,0,0,0,0,0,0,0,2,0,0,0,0,0,0
GN2/Plant Habitat,Multipurpose/Biology and Biotechnology,General science/Plant,0,0,0,0,0,0,0,0,0,2,0,0,0,0,0,0
EXPRESS Rack/TangoLab-2,Multipurpose/Multipurpose,General science/General science,0,0,0,0,0,0,0,0,0,2,0,0,0,2,0,0
EXHAM/NanoRacks CubeSat Deployer,Multipurpose/Multipurpose,External payloads/Satellite deployer,0,0,0,0,0,0,0,0,0,2,0,0,0,0,0,0
BRIC/HRF-2,Biology and Biotechnology/Multipurpose,Biology/Crew health,0,0,0,0,0,0,0,0,0,2,0,0,2,0,0,0
FROST/HSRC,Multipurpose/Technology Development and Demonstration,Refrigeration/External payloads,0,0,0,0,0,0,0,0,0,2,0,0,0,0,0,0
AMF/MSFO,Technology Development and Demonstration/inSPA,3D printing/inSPA,0,0,0,0,0,0,0,0,0,2,0,0,0,0,0,0
CBEF/Polar,Biology and Biotechnology/Multipurpose,Biology/Refrigeration,0,0,0,0,0,0,0,0,0,2,0,0,0,0,0,0
J-SSOD/MUSES,Multipurpose/Multipurpose,Satellite deployer/Earth observation,0,0,0,0,0,0,0,0,0,2,0,0,0,0,0,0
GLACIER/TangoLab-2,Multipurpose/Multipurpose,Refrigeration/General science,0,0,0,0,0,0,0,0,0,2,0,0,0,0,0,0
MELFI/Plant Habitat,Multipurpose/Biology and Biotechnology,Refrigeration/Plant,0,0,0,0,0,0,0,0,0,2,0,2,0,2,0,0
LSG/MSG,Multipurpose/Multipurpose,Glovebox/Glovebox,0,0,0,0,0,0,0,0,0,2,2,0,0,2,8,0
LSG/Rodent Research,Multipurpose/Biology and Biotechnology,Glovebox/Biology,0,0,0,0,0,0,0,0,0,2,6,0,4,2,0,0
GLACIER/TangoLab-1,Multipurpose/Multipurpose,Refrigeration/General science,0,0,0,0,0,0,0,0,0,2,0,0,0,0,0,0
EXPRESS Rack/MSPR,Multipurpose/Multipurpose,General science/General science,0,0,0,0,0,0,0,0,0,2,0,0,0,0,0,0
ELF/HSRC,Physical Science/Technology Development and Demonstration,Furnace/External payloads,0,0,0,0,0,0,0,0,0,2,0,0,0,0,0,0
AMF/EXPRESS Rack,Technology Development and Demonstration/Multipurpose,3D printing/General science,0,0,0,0,0,0,0,0,0,2,0,0,0,0,16,0
EXPRESS Rack/MVP,Multipurpose/Multipurpose,General science/Centrifuge,0,0,0,0,0,0,0,0,0,2,0,0,0,0,0,0
CBEF/CBEF-L,Biology and Biotechnology/Biology and Biotechnology,Biology/Biology,0,0,0,0,0,0,0,0,0,0,20,42,30,28,6,8
FOP/MSG,inSPA/Multipurpose,inSPA/Glovebox,0,0,0,0,0,0,0,0,0,0,18,16,0,4,18,9
MMD/Veggie,Multipurpose/Biology and Biotechnology,Crew health/Plant,0,0,0,0,0,0,0,0,0,0,10,0,0,0,0,0
ADSEP/BFF,Biology and Biotechnology/inSPA,Biology/inSPA,0,0,0,0,0,0,0,0,0,0,8,0,0,0,8,4
CBEF-L/Saibo,Biology and Biotechnology/Multipurpose,Biology/Biology,0,0,0,0,0,0,0,0,0,0,8,4,2,0,2,0
Rodent Research/Spectrum,Biology and Biotechnology/Multipurpose,Biology/Biology,0,0,0,0,0,0,0,0,0,0,6,10,0,0,0,0
CBEF-L/IPU,Biology and Biotechnology/Multipurpose,Biology/Image processing,0,0,0,0,0,0,0,0,0,0,4,0,0,2,0,0
MERLIN/Polar,Biology and Biotechnology/Multipurpose,Refrigeration/Refrigeration,0,0,0,0,0,0,0,0,0,0,4,0,2,0,0,0
ELC/MISSE-FF,Earth and Space Science/Technology Development and Demonstration,External payloads/Materials,0,0,0,0,0,0,0,0,0,0,4,0,0,0,0,0
MSG/Space Fibers,Multipurpose/inSPA,Glovebox/inSPA,0,0,0,0,0,0,0,0,0,0,4,4,0,6,0,8
NanoRacks CubeSat Deployer/NanoRacks-extCygnus-NRCSD,Multipurpose/Multipurpose,Satellite deployer/Satellite deployer,0,0,0,0,0,0,0,0,0,0,4,6,0,0,0,0
CB/MERLIN,Multipurpose/Biology and Biotechnology,Glovebox/Refrigeration,0,0,0,0,0,0,0,0,0,0,2,0,0,0,0,0
J-SSOD/NanoRacks External Platform,Multipurpose/Multipurpose,Satellite deployer/External payloads,0,0,0,0,0,0,0,0,0,0,2,0,0,0,0,0
ALTEA/LIDAL,Human Research/Human Research,Crew health/Physics,0,0,0,0,0,0,0,0,0,0,2,0,12,10,2,0
Glovebox Freezer/MSG,Multipurpose/Multipurpose,Refrigeration/Glovebox,0,0,0,0,0,0,0,0,0,0,2,0,0,2,6,0
Glovebox Freezer/LSG,Multipurpose/Multipurpose,Refrigeration/Glovebox,0,0,0,0,0,0,0,0,0,0,2,0,0,2,6,0
MVP/PGB,Multipurpose/Multipurpose,Centrifuge/Glovebox,0,0,0,0,0,0,0,0,0,0,2,0,0,0,0,0
BFF/Bioculture System,inSPA/Biology and Biotechnology,inSPA/Biology,0,0,0,0,0,0,0,0,0,0,2,0,0,0,0,0
Bioculture System/SlingShot,Biology and Biotechnology/Multipurpose,Biology/Satellite deployer,0,0,0,0,0,0,0,0,0,0,2,0,0,0,0,0
Bioculture System/ELF,Biology and Biotechnology/Physical Science,Biology/Furnace,0,0,0,0,0,0,0,0,0,0,2,0,0,0,0,0
ADSEP/Bioculture System,Biology and Biotechnology/Biology and Biotechnology,Biology/Biology,0,0,0,0,0,0,0,0,0,0,2,0,0,0,0,0
JEM-EF/MISSE-FF,Earth and Space Science/Technology Development and Demonstration,External payloads/Materials,0,0,0,0,0,0,0,0,0,0,2,0,0,0,0,0
LSG/SABL,Multipurpose/Biology and Biotechnology,Glovebox/Incubator,0,0,0,0,0,0,0,0,0,0,2,0,0,4,2,0
Cryo Chiller/EXPRESS Rack,Multipurpose/Multipurpose,Refrigeration/General science,0,0,0,0,0,0,0,0,0,0,2,0,0,0,0,0
ELF/SlingShot,Physical Science/Multipurpose,Furnace/Satellite deployer,0,0,0,0,0,0,0,0,0,0,2,0,0,0,0,0
BFF/ELF,inSPA/Physical Science,inSPA/Furnace,0,0,0,0,0,0,0,0,0,0,2,0,0,0,0,0
BFF/SlingShot,inSPA/Multipurpose,inSPA/Satellite deployer,0,0,0,0,0,0,0,0,0,0,2,0,0,0,0,0
Astrobee/SPHERES,Technology Development and Demonstration/Technology Development and Demonstration,Robotics/Robotics,0,0,0,0,0,0,0,0,0,0,2,0,0,0,0,0
CBEF/JAXA Mouse Habitat Unit,Biology and Biotechnology/Biology and Biotechnology,Biology/Biology,0,0,0,0,0,0,0,0,0,0,0,14,0,0,0,0
CBEF-L/JAXA Mouse Habitat Unit,Biology and Biotechnology/Biology and Biotechnology,Biology/Biology,0,0,0,0,0,0,0,0,0,0,0,14,0,0,0,0
Bone Densitometer/Spectrum,Biology and Biotechnology/Multipurpose,Crew health/Biology,0,0,0,0,0,0,0,0,0,0,0,4,0,0,0,0
Iceberg/Polar,Multipurpose/Multipurpose,Refrigeration/Refrigeration,0,0,0,0,0,0,0,0,0,0,0,2,4,0,0,0
EXPRESS Rack/Iceberg,Multipurpose/Multipurpose,General science/Refrigeration,0,0,0,0,0,0,0,0,0,0,0,2,2,4,0,0
EXPRESS Rack/LIDAL,Multipurpose/Human Research,General science/Physics,0,0,0,0,0,0,0,0,0,0,0,2,2,0,0,0
EXPRESS Rack/Mobile SpaceLab,Multipurpose/Biology and Biotechnology,General science/Biology,0,0,0,0,0,0,0,0,0,0,0,2,0,0,0,0
BFF/MERLIN,inSPA/Biology and Biotechnology,inSPA/Refrigeration,0,0,0,0,0,0,0,0,0,0,0,2,0,0,0,2
Hermes/MSL,Multipurpose/Physical Science,Materials/Furnace,0,0,0,0,0,0,0,0,0,0,0,2,0,0,0,0
Confocal Microscope/MSPR,Multipurpose/Multipurpose,Microscope/General science,0,0,0,0,0,0,0,0,0,0,0,2,0,0,0,0
MWA/Plant Habitat,Multipurpose/Biology and Biotechnology,Maintenance/Plant,0,0,0,0,0,0,0,0,0,0,0,2,2,0,0,0
IPU/IPU2,Multipurpose/Multipurpose,Image processing/Image processing,0,0,0,0,0,0,0,0,0,0,0,0,4,2,2,0
KERMIT/MSRR-1,Multipurpose/Physical Science,Microscope/Materials,0,0,0,0,0,0,0,0,0,0,0,0,4,0,6,0
Confocal Microscope/SABL,Multipurpose/Biology and Biotechnology,Microscope/Incubator,0,0,0,0,0,0,0,0,0,0,0,0,4,0,0,0
CBEF/Confocal Microscope,Biology and Biotechnology/Multipurpose,Biology/Microscope,0,0,0,0,0,0,0,0,0,0,0,0,4,2,0,2
CBEF/SABL,Biology and Biotechnology/Biology and Biotechnology,Biology/Incubator,0,0,0,0,0,0,0,0,0,0,0,0,4,0,0,0
Portable Pulmonary Function System/Spectrum,Human Research/Multipurpose,Crew health/Biology,0,0,0,0,0,0,0,0,0,0,0,0,2,0,0,0
Holter Monitor 2/WORF,Human Research/Earth and Space Science,Crew health/Earth observation,0,0,0,0,0,0,0,0,0,0,0,0,2,0,0,0
Holter Monitor 2/Portable Pulmonary Function System,Human Research/Human Research,Crew health/Crew health,0,0,0,0,0,0,0,0,0,0,0,0,2,0,0,0
Holter Monitor 2/PFS,Human Research/Human Research,Crew health/Crew health,0,0,0,0,0,0,0,0,0,0,0,0,2,0,0,0
PFS/Spectrum,Human Research/Multipurpose,Crew health/Biology,0,0,0,0,0,0,0,0,0,0,0,0,2,0,0,0
Spectrum/WORF,Multipurpose/Earth and Space Science,Biology/Earth observation,0,0,0,0,0,0,0,0,0,0,0,0,2,0,0,0
KERMIT/SAMS-II,Multipurpose/Multipurpose,Microscope/Physics,0,0,0,0,0,0,0,0,0,0,0,0,2,0,4,0
KERMIT/MSL,Multipurpose/Physical Science,Microscope/Furnace,0,0,0,0,0,0,0,0,0,0,0,0,2,0,0,0
EXPRESS Rack/ICF,Multipurpose/inSPA,General science/inSPA,0,0,0,0,0,0,0,0,0,0,0,0,2,0,0,0
Holter/WORF,Human Research/Earth and Space Science,Crew health/Earth observation,0,0,0,0,0,0,0,0,0,0,0,0,2,0,0,0
Bio-Analyzer/Bio-Monitor,Biology and Biotechnology/Human Research,Crew health/Crew health,0,0,0,0,0,0,0,0,0,0,0,0,2,0,0,0
Bio-Analyzer/EXPRESS Rack,Biology and Biotechnology/Multipurpose,Crew health/General science,0,0,0,0,0,0,0,0,0,0,0,0,2,0,0,0
CIR/Cold Atom Lab,Physical Science/Physical Science,Furnace/Physics,0,0,0,0,0,0,0,0,0,0,0,0,2,0,0,0
MSRR-1/SAMS-II,Physical Science/Multipurpose,Materials/Physics,0,0,0,0,0,0,0,0,0,0,0,0,2,0,6,0
FROST/SCOF,Multipurpose/Biology and Biotechnology,Refrigeration/Microscope,0,0,0,0,0,0,0,0,0,0,0,0,2,0,0,0
Actiwatch/PFS,Human Research/Human Research,Crew health/Crew health,0,0,0,0,0,0,0,0,0,0,0,0,2,0,0,0
Iceberg/MELFI,Multipurpose/Multipurpose,Refrigeration/Refrigeration,0,0,0,0,0,0,0,0,0,0,0,0,2,0,2,0
Iceberg/MERLIN,Multipurpose/Biology and Biotechnology,Refrigeration/Refrigeration,0,0,0,0,0,0,0,0,0,0,0,0,2,0,0,0
CBEF/IPU2,Biology and Biotechnology/Multipurpose,Biology/Image processing,0,0,0,0,0,0,0,0,0,0,0,0,2,2,2,0
ADSEP/ADSEP-2,Biology and Biotechnology/Multipurpose,Biology/Biology,0,0,0,0,0,0,0,0,0,0,0,0,2,0,4,9
EXPRESS Rack/Faraday Research,Multipurpose/Multipurpose,General science/General science,0,0,0,0,0,0,0,0,0,0,0,0,2,2,2,0
HRF-2/Portable Pulmonary Function System,Multipurpose/Human Research,Crew health/Crew health,0,0,0,0,0,0,0,0,0,0,0,0,2,0,0,0
Actiwatch/Portable Pulmonary Function System,Human Research/Human Research,Crew health/Crew health,0,0,0,0,0,0,0,0,0,0,0,0,2,0,0,0
HRF-1/PFS,Multipurpose/Human Research,Crew health/Crew health,0,0,0,0,0,0,0,0,0,0,0,0,2,0,0,0
GHF/KOBAIRO Rack,None/Physical Science,Furnace/General science,0,0,0,0,0,0,0,0,0,0,0,0,2,0,0,0
Portable Pulmonary Function System/WORF,Human Research/Earth and Space Science,Crew health/Earth observation,0,0,0,0,0,0,0,0,0,0,0,0,2,0,0,0
Actiwatch/WORF,Human Research/Earth and Space Science,Crew health/Earth observation,0,0,0,0,0,0,0,0,0,0,0,0,2,0,0,0
MSL/SAMS-II,Physical Science/Multipurpose,Furnace/Physics,0,0,0,0,0,0,0,0,0,0,0,0,2,0,0,0
IGO/UNIGLO,inSPA/inSPA,inSPA/inSPA,0,0,0,0,0,0,0,0,0,0,0,0,0,58,0,0
CIR/SoFIE,Physical Science/Physical Science,Furnace/Combustion,0,0,0,0,0,0,0,0,0,0,0,0,0,34,36,30
IGO/MSG,inSPA/Multipurpose,inSPA/Glovebox,0,0,0,0,0,0,0,0,0,0,0,0,0,18,0,0
MSG/UNIGLO,Multipurpose/inSPA,Glovebox/inSPA,0,0,0,0,0,0,0,0,0,0,0,0,0,18,0,0
EPM/GN2,Human Research/Multipurpose,Crew health/General science,0,0,0,0,0,0,0,0,0,0,0,0,0,2,0,0
CBEF-L/IPU2,Biology and Biotechnology/Multipurpose,Biology/Image processing,0,0,0,0,0,0,0,0,0,0,0,0,0,2,0,0
Glovebox Freezer/Rodent Research,Multipurpose/Biology and Biotechnology,Refrigeration/Biology,0,0,0,0,0,0,0,0,0,0,0,0,0,2,0,0
ELF/EML,Physical Science/Physical Science,Furnace/Levitation,0,0,0,0,0,0,0,0,0,0,0,0,0,2,0,0
MSPR/TELLAS,Multipurpose/Multipurpose,General science/Biology,0,0,0,0,0,0,0,0,0,0,0,0,0,2,2,0
CBEF-L/Confocal Microscope,Biology and Biotechnology/Multipurpose,Biology/Microscope,0,0,0,0,0,0,0,0,0,0,0,0,0,2,0,2
MSG/PFMI,Multipurpose/Physical Science,Glovebox/Physics,0,0,0,0,0,0,0,0,0,0,0,0,0,2,0,0
Kubik/MERLIN,Multipurpose/Biology and Biotechnology,Incubator/Refrigeration,0,0,0,0,0,0,0,0,0,0,0,0,0,2,0,2
Actiwatch/Bio-Monitor,Human Research/Human Research,Crew health/Crew health,0,0,0,0,0,0,0,0,0,0,0,0,0,2,0,0
ELC/Rodent Research,Earth and Space Science/Biology and Biotechnology,External payloads/Biology,0,0,0,0,0,0,0,0,0,0,0,0,0,2,0,0
KERMIT/SABL,Multipurpose/Biology and Biotechnology,Microscope/Incubator,0,0,0,0,0,0,0,0,0,0,0,0,0,0,6,0
BRIC/MERLIN,Biology and Biotechnology/Biology and Biotechnology,Biology/Refrigeration,0,0,0,0,0,0,0,0,0,0,0,0,0,0,6,0
BFF/Iceberg,inSPA/Multipurpose,inSPA/Refrigeration,0,0,0,0,0,0,0,0,0,0,0,0,0,0,4,0
GN2/Solar,Multipurpose/Earth and Space Science,General science/Astronomy,0,0,0,0,0,0,0,0,0,0,0,0,0,0,2,0
ELF/MSPR-2,Physical Science/Multipurpose,Furnace/General science,0,0,0,0,0,0,0,0,0,0,0,0,0,0,2,0
MERLIN/SCOF,Biology and Biotechnology/Biology and Biotechnology,Refrigeration/Microscope,0,0,0,0,0,0,0,0,0,0,0,0,0,0,2,0
EXPRESS Rack/KERMIT,Multipurpose/Multipurpose,General science/Microscope,0,0,0,0,0,0,0,0,0,0,0,0,0,0,2,0
CB/CBEF-L,Multipurpose/Biology and Biotechnology,Glovebox/Biology,0,0,0,0,0,0,0,0,0,0,0,0,0,0,2,0
BioServe Centrifuge/LSG,Multipurpose/Multipurpose,Centrifuge/Glovebox,0,0,0,0,0,0,0,0,0,0,0,0,0,0,2,0
CB/IPU2,Multipurpose/Multipurpose,Glovebox/Image processing,0,0,0,0,0,0,0,0,0,0,0,0,0,0,2,0
SABL/Tissue Engineered Liver,Biology and Biotechnology/inSPA,Incubator/inSPA,0,0,0,0,0,0,0,0,0,0,0,0,0,0,2,0
IPU2/Saibo,Multipurpose/Multipurpose,Image processing/Biology,0,0,0,0,0,0,0,0,0,0,0,0,0,0,2,0
BFF/MELFI,inSPA/Multipurpose,inSPA/Refrigeration,0,0,0,0,0,0,0,0,0,0,0,0,0,0,2,4
MELFI/SALI,Multipurpose/Biology and Biotechnology,Refrigeration/Incubator,0,0,0,0,0,0,0,0,0,0,0,0,0,0,2,0
EXPRESS Rack/SALI,Multipurpose/Biology and Biotechnology,General science/Incubator,0,0,0,0,0,0,0,0,0,0,0,0,0,0,2,0
EDR/EDR-2,Multipurpose/Multipurpose,General science/General science,0,0,0,0,0,0,0,0,0,0,0,0,0,0,0,8
CIR/Plant Habitat,Physical Science/Biology and Biotechnology,Furnace/Plant,0,0,0,0,0,0,0,0,0,0,0,0,0,0,0,2
Astrobee/ELC,Technology Development and Demonstration/Earth and Space Science,Robotics/External payloads,0,0,0,0,0,0,0,0,0,0,0,0,0,0,0,2
